epoch;iteration;l1;generator_loss;discriminator_loss;l1_test
1;3;0.5399076861950999;0.13687479226628102;1.3688262913441118;0.30063074437034865
1;3;0.33554807331650627;0.11260042871369831;1.3417908656196307;0.2543910018335503
1;3;0.2505344067626074;0.10704686298946149;1.4112411763509138;0.23947913231420206
1;3;0.2220144570363623;0.10017427203940905;1.4537618672401467;0.2175962981906065
1;3;0.21368657962249604;0.10117567657562308;1.465672193990603;0.21484413352454504
1;3;0.19198288723877682;0.10809354102236597;1.4451600096915316;0.21718553901803145
1;3;0.2063233333787673;0.11554793482814901;1.4073545813894954;0.21923984383264805
1;3;0.20081553582107403;0.12689684800218567;1.3739217331783828;0.21289716841943326
1;3;0.19753102166045813;0.14069743362557927;1.35801314856485;0.20360510923895034
