epoch;iteration;l1;generator_loss;discriminator_loss;l1_test
1;1;0.4330422981752727;0.12121124695030812;1.3882155439234611;0.31224779745206593
1;2;0.33484145334700743;0.1151002729341812;1.3409906719921887;0.21625412702208446
