epoch;iteration;l1;l1_test
1;1;0.48949587989604587;0.41653137243904875
1;2;0.3847494459226607;0.40875847784937225
