epoch;iteration;l1;l1_test
1;1;0.4389258000052659;0.36155855093345607
1;2;0.4672015775899183;0.34746407710234284
1;3;0.3801710726645714;0.34413970279022116
1;4;0.4029543173530187;0.32726043665404514
1;5;0.410682294125095;0.3207800361862093
1;6;0.3926145253480076;0.29598223481782093
