epoch;iteration;l1;l1_test
1;1;0.44328408742325537;0.40857834748393185
1;2;0.46409862959598885;0.4014491985770892
