epoch;iteration;l1;l1_test
1;1;0.3854176998138428;0.48528053015470507
1;2;0.3268703818321228;0.4745109513401985
