epoch;iteration;l1;l1_test
1;1;0.5923253893852234;0.466964465379715
1;2;0.3784543573856354;0.4540143147110939
