epoch;iteration;l1;generator_loss;discriminator_loss;l1_test
1;1;0.42752236797054294;0.12884726520566342;1.3614423361377381;0.3378114222412991
1;2;0.45128514243978834;0.0011353422832073377;1.0770568278868464;0.34033363215350976
1;3;0.3724383117884483;0.06927280803933654;1.1182298946412867;0.3184500576681649
1;4;0.3912138994850878;0.002319486116631602;2.4659575258931956;0.307913832157906
1;5;0.4002731981574832;0.009112509936889085;1.0564932187049414;0.30881278745451096
1;6;0.3826980145056347;0.4955556936521598;3.040847386700789;0.2878070798542406
