epoch;iteration;l1;generator_loss;discriminator_loss;l1_test
1;1;0.4970861860373922;0.1407353956208543;1.39309099667684;0.4225027661270076
1;2;0.3911422531927318;0.017814638316874923;1.1340986945211773;0.40969654163508135
