epoch;iteration;l1;l1_test
1;1;0.4723525255368175;0.33410478474296
1;2;0.37707053220344555;0.32969195232850557
1;3;0.5475682740135194;0.30669272799132474
1;4;0.42559393287399466;0.3114717357170097
